"constructorId","name","nationality","Country"
1,"McLaren","British","United Kingdom"
2,"BMW Sauber","German","Germany"
3,"Williams","British","United Kingdom"
4,"Renault","French","France"
5,"Toro Rosso","Italian","Italy"
6,"Ferrari","Italian","Italy"
7,"Toyota","Japanese","Japan"
8,"Super Aguri","Japanese","Japan"
9,"Red Bull","Austrian","Austria"
10,"Force India","Indian","India"
11,"Honda","Japanese","Japan"
12,"Spyker","Dutch","Netherlands"
13,"MF1","Russian","Russia"
14,"Spyker MF1","Dutch","Netherlands"
15,"Sauber","Swiss","Switzerland"
16,"BAR","British","United Kingdom"
17,"Jordan","Irish","Ireland"
18,"Minardi","Italian","Italy"
19,"Jaguar","British","United Kingdom"
20,"Prost","French","France"
21,"Arrows","British","United Kingdom"
22,"Benetton","Italian","Italy"
23,"Brawn","British","United Kingdom"
24,"Stewart","British","United Kingdom"
25,"Tyrrell","British","United Kingdom"
26,"Lola","British","United Kingdom"
27,"Ligier","French","France"
28,"Forti","Italian","Italy"
29,"Footwork","British","United Kingdom"
30,"Pacific","British","United Kingdom"
31,"Simtek","British","United Kingdom"
32,"Team Lotus","British","United Kingdom"
33,"Larrousse","French","France"
34,"Brabham","British","United Kingdom"
35,"Dallara","Italian","Italy"
36,"Fondmetal","Italian","Italy"
37,"March","British","United Kingdom"
38,"Andrea Moda","Italian","Italy"
39,"AGS","French","France"
40,"Lambo","Italian","Italy"
41,"Leyton House","British","United Kingdom"
42,"Coloni","Italian","Italy"
44,"Euro Brun","Italian","Italy"
45,"Osella","Italian","Italy"
46,"Onyx","British","United Kingdom"
47,"Life","Italian","Italy"
48,"Rial","German","Germany"
49,"Zakspeed","German","Germany"
50,"RAM","British","United Kingdom"
51,"Alfa Romeo","Swiss","Switzerland"
52,"Spirit","British","United Kingdom"
53,"Toleman","British","United Kingdom"
54,"ATS","Italian","Italy"
55,"Theodore","Hong Kong","Hong Kong"
56,"Fittipaldi","Brazilian","Brazil"
57,"Ensign","British","United Kingdom"
58,"Shadow","British","United Kingdom"
59,"Wolf","Canadian","Canada"
60,"Merzario","Italian","Italy"
61,"Kauhsen","German","Germany"
62,"Rebaque","Mexican","Mexico"
63,"Surtees","British","United Kingdom"
64,"Hesketh","British","United Kingdom"
65,"Martini","French","France"
66,"BRM","British","United Kingdom"
67,"Penske","American","United States"
68,"LEC","British","United Kingdom"
69,"McGuire","Australian","Australia"
70,"Boro","Dutch","Netherlands"
71,"Apollon","Swiss","Switzerland"
72,"Kojima","Japanese","Japan"
73,"Parnelli","American","United States"
74,"Maki","Japanese","Japan"
75,"Embassy Hill","British","United Kingdom"
76,"Lyncar","British","United Kingdom"
77,"Trojan","British","United Kingdom"
78,"Amon","New Zealander","New Zealand"
79,"Token","British","United Kingdom"
80,"Iso Marlboro","British","United Kingdom"
81,"Tecno","Italian","Italy"
82,"Matra","French","France"
83,"Politoys","British","United Kingdom"
84,"Connew","British","United Kingdom"
85,"Bellasi","Swiss","Switzerland"
86,"De Tomaso","Italian","Italy"
87,"Cooper","British","United Kingdom"
88,"Eagle","American","United States"
89,"LDS","South African","South Africa"
90,"Protos","British","United Kingdom"
91,"Shannon","British","United Kingdom"
92,"Scirocco","British","United Kingdom"
93,"RE","Rhodesian","Rhodesia"
94,"BRP","British","United Kingdom"
95,"Porsche","German","Germany"
96,"Derrington","British","United Kingdom"
97,"Gilby","British","United Kingdom"
98,"Stebro","Canadian","Canada"
99,"Emeryson","British","United Kingdom"
100,"ENB","Belgian","Belgium"
101,"JBW","British","United Kingdom"
102,"Ferguson","British","United Kingdom"
103,"MBM","Swiss","Switzerland"
104,"Behra-Porsche","Italian","Italy"
105,"Maserati","Italian","Italy"
106,"Scarab","American","United States"
107,"Watson","American","United States"
108,"Epperly","American","United States"
109,"Phillips","American","United States"
110,"Lesovsky","American","United States"
111,"Trevis","American","United States"
112,"Meskowski","American","United States"
113,"Kurtis Kraft","American","United States"
114,"Kuzma","American","United States"
115,"Christensen","American","United States"
116,"Ewing","American","United States"
117,"Aston Martin","British","United Kingdom"
118,"Vanwall","British","United Kingdom"
119,"Moore","American","United States"
120,"Dunn","American","United States"
121,"Elder","American","United States"
122,"Sutton","American","United States"
123,"Fry","British","United Kingdom"
124,"Tec-Mec","Italian","Italy"
125,"Connaught","British","United Kingdom"
126,"Alta","British","United Kingdom"
127,"OSCA","Italian","Italy"
128,"Gordini","French","France"
129,"Stevens","American","United States"
130,"Bugatti","French","France"
131,"Mercedes","German","Germany"
132,"Lancia","Italian","Italy"
133,"HWM","British","United Kingdom"
134,"Schroeder","American","United States"
135,"Pawl","American","United States"
136,"Pankratz","American","United States"
137,"Arzani-Volpini","Italian","Italy"
138,"Nichels","American","United States"
139,"Bromme","American","United States"
140,"Klenk","German","Germany"
141,"Simca","French","France"
142,"Turner","American","United States"
143,"Del Roy","American","United States"
144,"Veritas","German","Germany"
145,"BMW","German","Germany"
146,"EMW","East German","Germany"
147,"AFM","German","Germany"
148,"Frazer Nash","British","United Kingdom"
149,"Sherman","American","United States"
150,"Deidt","American","United States"
151,"ERA","British","United Kingdom"
152,"Aston Butterworth","British","United Kingdom"
153,"Cisitalia","Italian","Italy"
154,"Talbot-Lago","French","France"
155,"Hall","American","United States"
156,"Marchese","American","United States"
157,"Langley","American","United States"
158,"Rae","American","United States"
159,"Olson","American","United States"
160,"Wetteroth","American","United States"
161,"Adams","American","United States"
162,"Snowberger","American","United States"
163,"Milano","Italian","Italy"
164,"HRT","Spanish","Spain"
167,"Cooper-Maserati","British","United Kingdom"
166,"Virgin","British","United Kingdom"
168,"Cooper-OSCA","British","United Kingdom"
169,"Cooper-Borgward","British","United Kingdom"
170,"Cooper-Climax","British","United Kingdom"
171,"Cooper-Castellotti","British","United Kingdom"
172,"Lotus-Climax","British","United Kingdom"
173,"Lotus-Maserati","British","United Kingdom"
174,"De Tomaso-Osca","Italian","Italy"
175,"De Tomaso-Alfa Romeo","Italian","Italy"
176,"Lotus-BRM","British","United Kingdom"
177,"Lotus-Borgward","British","United Kingdom"
178,"Cooper-Alfa Romeo","British","United Kingdom"
179,"De Tomaso-Ferrari","Italian","Italy"
180,"Lotus-Ford","British","United Kingdom"
181,"Brabham-BRM","British","United Kingdom"
182,"Brabham-Ford","British","United Kingdom"
183,"Brabham-Climax","British","United Kingdom"
184,"LDS-Climax","South African","South Africa"
185,"LDS-Alfa Romeo","South African","South Africa"
186,"Cooper-Ford","British","United Kingdom"
187,"McLaren-Ford","British","United Kingdom"
188,"McLaren-Serenissima","British","United Kingdom"
189,"Eagle-Climax","American","United States"
190,"Eagle-Weslake","American","United States"
191,"Brabham-Repco","British","United Kingdom"
192,"Cooper-Ferrari","British","United Kingdom"
193,"Cooper-ATS","British","United Kingdom"
194,"McLaren-BRM","British","United Kingdom"
195,"Cooper-BRM","British","United Kingdom"
196,"Matra-Ford","French","France"
197,"BRM-Ford","British","United Kingdom"
198,"McLaren-Alfa Romeo","British","United Kingdom"
199,"March-Alfa Romeo","British","United Kingdom"
200,"March-Ford","British","United Kingdom"
201,"Lotus-Pratt &amp; Whitney","British","United Kingdom"
202,"Shadow-Ford","British","United Kingdom"
203,"Shadow-Matra","British","United Kingdom"
204,"Brabham-Alfa Romeo","British","United Kingdom"
205,"Lotus","Malaysian","Malaysia"
206,"Marussia","Russian","Russia"
207,"Caterham","Malaysian","Malaysia"
208,"Lotus F1","British","United Kingdom"
209,"Manor Marussia","British","United Kingdom"
210,"Haas F1 Team","American","United States"
211,"Racing Point","British","United Kingdom"
213,"AlphaTauri","Italian","Italy"
214,"Alpine F1 Team","French","France"
