"driverId","number","forename","surname","dob","nationality","code"
1,"44","Lewis","Hamilton","1985-01-07","British","HAM"
2,NA,"Nick","Heidfeld","1977-05-10","German","HEI"
3,"6","Nico","Rosberg","1985-06-27","German","ROS"
4,"14","Fernando","Alonso","1981-07-29","Spanish","ALO"
5,NA,"Heikki","Kovalainen","1981-10-19","Finnish","KOV"
6,NA,"Kazuki","Nakajima","1985-01-11","Japanese","NAK"
7,NA,"Sébastien","Bourdais","1979-02-28","French","BOU"
8,"7","Kimi","Räikkönen","1979-10-17","Finnish","RÄI"
9,"88","Robert","Kubica","1984-12-07","Polish","KUB"
10,NA,"Timo","Glock","1982-03-18","German","GLO"
11,NA,"Takuma","Sato","1977-01-28","Japanese","SAT"
12,NA,"Nelson","Piquet Jr.","1985-07-25","Brazilian","PIQ"
13,"19","Felipe","Massa","1981-04-25","Brazilian","MAS"
14,NA,"David","Coulthard","1971-03-27","British","COU"
15,NA,"Jarno","Trulli","1974-07-13","Italian","TRU"
16,"99","Adrian","Sutil","1983-01-11","German","SUT"
17,NA,"Mark","Webber","1976-08-27","Australian","WEB"
18,"22","Jenson","Button","1980-01-19","British","BUT"
19,NA,"Anthony","Davidson","1979-04-18","British","DAV"
20,"5","Sebastian","Vettel","1987-07-03","German","VET"
21,NA,"Giancarlo","Fisichella","1973-01-14","Italian","FIS"
22,NA,"Rubens","Barrichello","1972-05-23","Brazilian","BAR"
23,NA,"Ralf","Schumacher","1975-06-30","German","SCH"
24,NA,"Vitantonio","Liuzzi","1980-08-06","Italian","LIU"
25,NA,"Alexander","Wurz","1974-02-15","Austrian","WUR"
26,NA,"Scott","Speed","1983-01-24","American","SPE"
27,NA,"Christijan","Albers","1979-04-16","Dutch","ALB"
28,NA,"Markus","Winkelhock","1980-06-13","German","WIN"
29,NA,"Sakon","Yamamoto","1982-07-09","Japanese","YAM"
30,NA,"Michael","Schumacher","1969-01-03","German","SCH"
31,NA,"Juan","Pablo Montoya","1975-09-20","Colombian","PAB"
32,NA,"Christian","Klien","1983-02-07","Austrian","KLI"
33,NA,"Tiago","Monteiro","1976-07-24","Portuguese","MON"
34,NA,"Yuji","Ide","1975-01-21","Japanese","IDE"
35,NA,"Jacques","Villeneuve","1971-04-09","Canadian","VIL"
36,NA,"Franck","Montagny","1978-01-05","French","MON"
37,NA,"Pedro","de la Rosa","1971-02-24","Spanish","DE "
38,NA,"Robert","Doornbos","1981-09-23","Dutch","DOO"
39,NA,"Narain","Karthikeyan","1977-01-14","Indian","KAR"
40,NA,"Patrick","Friesacher","1980-09-26","Austrian","FRI"
41,NA,"Ricardo","Zonta","1976-03-23","Brazilian","ZON"
42,NA,"Antônio","Pizzonia","1980-09-11","Brazilian","PIZ"
43,NA,"Cristiano","da Matta","1973-09-19","Brazilian","DA "
44,NA,"Olivier","Panis","1966-09-02","French","PAN"
45,NA,"Giorgio","Pantano","1979-02-04","Italian","PAN"
46,NA,"Gianmaria","Bruni","1981-05-30","Italian","BRU"
47,NA,"Zsolt","Baumgartner","1981-01-01","Hungarian","BAU"
48,NA,"Marc","Gené","1974-03-29","Spanish","GEN"
49,NA,"Heinz-Harald","Frentzen","1967-05-18","German","FRE"
50,NA,"Jos","Verstappen","1972-03-04","Dutch","VER"
51,NA,"Justin","Wilson","1978-07-31","British","WIL"
52,NA,"Ralph","Firman","1975-05-20","Irish","FIR"
53,NA,"Nicolas","Kiesa","1978-03-03","Danish","KIE"
54,NA,"Luciano","Burti","1975-03-05","Brazilian","BUR"
55,NA,"Jean","Alesi","1964-06-11","French","ALE"
56,NA,"Eddie","Irvine","1965-11-10","British","IRV"
57,NA,"Mika","Häkkinen","1968-09-28","Finnish","HÄK"
58,NA,"Tarso","Marques","1976-01-19","Brazilian","MAR"
59,NA,"Enrique","Bernoldi","1978-10-19","Brazilian","BER"
60,NA,"Gastón","Mazzacane","1975-05-08","Argentine","MAZ"
61,NA,"Tomáš","Enge","1976-09-11","Czech","ENG"
62,NA,"Alex","Yoong","1976-07-20","Malaysian","YOO"
63,NA,"Mika","Salo","1966-11-30","Finnish","SAL"
64,NA,"Pedro","Diniz","1970-05-22","Brazilian","DIN"
65,NA,"Johnny","Herbert","1964-06-25","British","HER"
66,NA,"Allan","McNish","1969-12-29","British","MCN"
67,NA,"Sébastien","Buemi","1988-10-31","Swiss","BUE"
68,NA,"Toranosuke","Takagi","1974-02-12","Japanese","TAK"
69,NA,"Luca","Badoer","1971-01-25","Italian","BAD"
70,NA,"Alessandro","Zanardi","1966-10-23","Italian","ZAN"
71,NA,"Damon","Hill","1960-09-17","British","HIL"
72,NA,"Stéphane","Sarrazin","1975-11-02","French","SAR"
73,NA,"Ricardo","Rosset","1968-07-27","Brazilian","ROS"
74,NA,"Esteban","Tuero","1978-04-22","Argentine","TUE"
75,NA,"Shinji","Nakano","1971-04-01","Japanese","NAK"
76,NA,"Jan","Magnussen","1973-07-04","Danish","MAG"
77,NA,"Gerhard","Berger","1959-08-27","Austrian","BER"
78,NA,"Nicola","Larini","1964-03-19","Italian","LAR"
79,NA,"Ukyo","Katayama","1963-05-29","Japanese","KAT"
80,NA,"Vincenzo","Sospiri","1966-10-07","Italian","SOS"
81,NA,"Gianni","Morbidelli","1968-01-13","Italian","MOR"
82,NA,"Norberto","Fontana","1975-01-20","Argentine","FON"
83,NA,"Pedro","Lamy","1972-03-20","Portuguese","LAM"
84,NA,"Martin","Brundle","1959-06-01","British","BRU"
85,NA,"Andrea","Montermini","1964-05-30","Italian","MON"
86,NA,"Giovanni","Lavaggi","1958-02-18","Italian","LAV"
87,NA,"Mark","Blundell","1966-04-08","British","BLU"
88,NA,"Aguri","Suzuki","1960-09-08","Japanese","SUZ"
89,NA,"Taki","Inoue","1963-09-05","Japanese","INO"
90,NA,"Roberto","Moreno","1959-02-11","Brazilian","MOR"
91,NA,"Karl","Wendlinger","1968-12-20","Austrian","WEN"
92,NA,"Bertrand","Gachot","1962-12-23","Belgian","GAC"
93,NA,"Domenico","Schiattarella","1967-11-17","Italian","SCH"
94,NA,"Pierluigi","Martini","1961-04-23","Italian","MAR"
95,NA,"Nigel","Mansell","1953-08-08","British","MAN"
96,NA,"Jean-Christophe","Boullion","1969-12-27","French","BOU"
97,NA,"Massimiliano","Papis","1969-10-03","Italian","PAP"
98,NA,"Jean-Denis","Délétraz","1963-10-01","Swiss","DÉL"
99,NA,"Gabriele","Tarquini","1962-03-02","Italian","TAR"
100,NA,"Érik","Comas","1963-09-28","French","COM"
101,NA,"David","Brabham","1965-09-05","Australian","BRA"
102,NA,"Ayrton","Senna","1960-03-21","Brazilian","SEN"
103,NA,"Éric","Bernard","1964-08-24","French","BER"
104,NA,"Christian","Fittipaldi","1971-01-18","Brazilian","FIT"
105,NA,"Michele","Alboreto","1956-12-23","Italian","ALB"
106,NA,"Olivier","Beretta","1969-11-23","Monegasque","BER"
107,NA,"Roland","Ratzenberger","1960-07-04","Austrian","RAT"
108,NA,"Paul","Belmondo","1963-04-23","French","BEL"
109,NA,"Jyrki","Järvilehto","1966-01-31","Finnish","JÄR"
110,NA,"Andrea","de Cesaris","1959-05-31","Italian","DE "
111,NA,"Jean-Marc","Gounon","1963-01-01","French","GOU"
112,NA,"Philippe","Alliot","1954-07-27","French","ALL"
113,NA,"Philippe","Adams","1969-11-19","Belgian","ADA"
114,NA,"Yannick","Dalmas","1961-07-28","French","DAL"
115,NA,"Hideki","Noda","1969-03-07","Japanese","NOD"
116,NA,"Franck","Lagorce","1968-09-01","French","LAG"
117,NA,"Alain","Prost","1955-02-24","French","PRO"
118,NA,"Derek","Warwick","1954-08-27","British","WAR"
119,NA,"Riccardo","Patrese","1954-04-17","Italian","PAT"
120,NA,"Fabrizio","Barbazza","1963-04-02","Italian","BAR"
121,NA,"Michael","Andretti","1962-10-05","American","AND"
122,NA,"Ivan","Capelli","1963-05-24","Italian","CAP"
123,NA,"Thierry","Boutsen","1957-07-13","Belgian","BOU"
124,NA,"Marco","Apicella","1965-10-07","Italian","API"
125,NA,"Emanuele","Naspetti","1968-02-24","Italian","NAS"
126,NA,"Toshio","Suzuki","1955-03-10","Japanese","SUZ"
127,NA,"Maurício","Gugelmin","1963-04-20","Brazilian","GUG"
128,NA,"Eric","van de Poele","1961-09-30","Belgian","VAN"
129,NA,"Olivier","Grouillard","1958-09-02","French","GRO"
130,NA,"Andrea","Chiesa","1964-05-06","Swiss","CHI"
131,NA,"Stefano","Modena","1963-05-12","Italian","MOD"
132,NA,"Giovanna","Amati","1959-07-20","Italian","AMA"
133,NA,"Alex","Caffi","1964-03-18","Italian","CAF"
134,NA,"Enrico","Bertaggia","1964-09-19","Italian","BER"
135,NA,"Perry","McCarthy","1961-03-03","British","MCC"
136,NA,"Jan","Lammers","1956-06-02","Dutch","LAM"
137,NA,"Nelson","Piquet","1952-08-17","Brazilian","PIQ"
138,NA,"Satoru","Nakajima","1953-02-23","Japanese","NAK"
139,NA,"Emanuele","Pirro","1962-01-12","Italian","PIR"
140,NA,"Stefan","Johansson","1956-09-08","Swedish","JOH"
141,NA,"Julian","Bailey","1961-10-09","British","BAI"
142,NA,"Pedro","Chaves","1965-02-27","Portuguese","CHA"
143,NA,"Michael","Bartels","1968-03-08","German","BAR"
144,NA,"Naoki","Hattori","1966-06-13","Japanese","HAT"
145,NA,"Alessandro","Nannini","1959-07-07","Italian","NAN"
146,NA,"Bernd","Schneider","1964-07-20","German","SCH"
147,NA,"Paolo","Barilla","1961-04-20","Italian","BAR"
148,NA,"Gregor","Foitek","1965-03-27","Swiss","FOI"
149,NA,"Claudio","Langes","1960-07-20","Italian","LAN"
150,NA,"Gary","Brabham","1961-03-29","Australian","BRA"
151,NA,"Martin","Donnelly","1964-03-26","British","DON"
152,NA,"Bruno","Giacomelli","1952-09-10","Italian","GIA"
153,NA,"Jaime","Alguersuari","1990-03-23","Spanish","ALG"
154,"8","Romain","Grosjean","1986-04-17","French","GRO"
155,"10","Kamui","Kobayashi","1986-09-13","Japanese","KOB"
156,NA,"Jonathan","Palmer","1956-11-07","British","PAL"
157,NA,"Christian","Danner","1958-04-04","German","DAN"
158,NA,"Eddie","Cheever","1958-01-10","American","CHE"
159,NA,"Luis","Pérez-Sala","1959-05-15","Spanish","PÉR"
160,NA,"Piercarlo","Ghinzani","1952-01-16","Italian","GHI"
161,NA,"Volker","Weidler","1962-03-18","German","WEI"
162,NA,"Pierre-Henri","Raphanel","1961-05-27","French","RAP"
163,NA,"René","Arnoux","1948-07-04","French","ARN"
164,NA,"Joachim","Winkelhock","1960-10-24","German","WIN"
165,NA,"Oscar","Larrauri","1954-08-19","Argentine","LAR"
166,NA,"Philippe","Streiff","1955-06-26","French","STR"
167,NA,"Adrián","Campos","1960-06-17","Spanish","CAM"
168,NA,"Jean-Louis","Schlesser","1948-09-12","French","SCH"
169,NA,"Pascal","Fabre","1960-01-09","French","FAB"
170,NA,"Teo","Fabi","1955-03-09","Italian","FAB"
171,NA,"Franco","Forini","1958-09-22","Swiss","FOR"
172,NA,"Jacques","Laffite","1943-11-21","French","LAF"
173,NA,"Elio","de Angelis","1958-03-26","Italian","DE "
174,NA,"Johnny","Dumfries","1958-04-26","British","DUM"
175,NA,"Patrick","Tambay","1949-06-25","French","TAM"
176,NA,"Marc","Surer","1951-09-18","Swiss","SUR"
177,NA,"Keke","Rosberg","1948-12-06","Finnish","ROS"
178,NA,"Alan","Jones","1946-11-02","Australian","JON"
179,NA,"Huub","Rothengatter","1954-10-08","Dutch","ROT"
180,NA,"Allen","Berg","1961-08-01","Canadian","BER"
181,NA,"Manfred","Winkelhock","1951-10-06","German","WIN"
182,NA,"Niki","Lauda","1949-02-22","Austrian","LAU"
183,NA,"François","Hesnault","1956-12-30","French","HES"
184,NA,"Mauro","Baldi","1954-01-31","Italian","BAL"
185,NA,"Stefan","Bellof","1957-11-20","German","BEL"
186,NA,"Kenny","Acheson","1957-11-27","British","ACH"
187,NA,"John","Watson","1946-05-04","British","WAT"
188,NA,"Johnny","Cecotto","1956-01-25","Venezuelan","CEC"
189,NA,"Jo","Gartner","1954-01-24","Austrian","GAR"
190,NA,"Corrado","Fabi","1961-04-12","Italian","FAB"
191,NA,"Mike","Thackwell","1961-03-30","New Zealander","THA"
192,NA,"Chico","Serra","1957-02-03","Brazilian","SER"
193,NA,"Danny","Sullivan","1950-03-09","American","SUL"
194,NA,"Eliseo","Salazar","1954-11-14","Chilean","SAL"
195,NA,"Roberto","Guerrero","1958-11-16","Colombian","GUE"
196,NA,"Raul","Boesel","1957-12-04","Brazilian","BOE"
197,NA,"Jean-Pierre","Jarier","1946-07-10","French","JAR"
198,NA,"Jacques","Villeneuve Sr.","1953-11-04","Canadian","VIL"
199,NA,"Carlos","Reutemann","1942-04-12","Argentine","REU"
200,NA,"Jochen","Mass","1946-09-30","German","MAS"
201,NA,"Slim","Borgudd","1946-11-25","Swedish","BOR"
202,NA,"Didier","Pironi","1952-03-26","French","PIR"
203,NA,"Gilles","Villeneuve","1950-01-18","Canadian","VIL"
204,NA,"Riccardo","Paletti","1958-06-15","Italian","PAL"
205,NA,"Brian","Henton","1946-09-19","British","HEN"
206,NA,"Derek","Daly","1953-03-11","Irish","DAL"
207,NA,"Mario","Andretti","1940-02-28","American","AND"
208,NA,"Emilio","de Villota","1946-07-26","Spanish","DE "
209,NA,"Geoff","Lees","1951-05-01","British","LEE"
210,NA,"Tommy","Byrne","1958-05-06","Irish","BYR"
211,NA,"Rupert","Keegan","1955-02-26","British","KEE"
212,NA,"Hector","Rebaque","1956-02-05","Mexican","REB"
213,NA,"Beppe","Gabbiani","1957-01-02","Italian","GAB"
214,NA,"Kevin","Cogan","1956-03-31","American","COG"
215,NA,"Miguel Ángel","Guerra","1953-08-31","Argentine","GUE"
216,NA,"Siegfried","Stohr","1952-10-10","Italian","STO"
217,NA,"Ricardo","Zunino","1949-04-13","Argentine","ZUN"
218,NA,"Ricardo","Londoño","1949-08-08","Colombian","LON"
219,NA,"Jean-Pierre","Jabouille","1942-10-01","French","JAB"
220,NA,"Giorgio","Francia","1947-11-08","Italian","FRA"
221,NA,"Patrick","Depailler","1944-08-09","French","DEP"
222,NA,"Jody","Scheckter","1950-01-29","South African","SCH"
223,NA,"Clay","Regazzoni","1939-09-05","Swiss","REG"
224,NA,"Emerson","Fittipaldi","1946-12-12","Brazilian","FIT"
225,NA,"Dave","Kennedy","1953-01-15","Irish","KEN"
226,NA,"Stephen","South","1952-02-19","British","SOU"
227,NA,"Tiff","Needell","1951-10-29","British","NEE"
228,NA,"Desiré","Wilson","1953-11-26","South African","WIL"
229,NA,"Harald","Ertl","1948-08-31","Austrian","ERT"
230,NA,"Vittorio","Brambilla","1937-11-11","Italian","BRA"
231,NA,"James","Hunt","1947-08-29","British","HUN"
232,NA,"Arturo","Merzario","1943-03-11","Italian","MER"
233,NA,"Hans-Joachim","Stuck","1951-01-01","German","STU"
234,NA,"Gianfranco","Brancatelli","1950-01-18","Italian","BRA"
235,NA,"Jacky","Ickx","1945-01-01","Belgian","ICK"
236,NA,"Patrick","Gaillard","1952-02-12","French","GAI"
237,NA,"Alex","Ribeiro","1948-11-07","Brazilian","RIB"
238,NA,"Ronnie","Peterson","1944-02-14","Swedish","PET"
239,NA,"Brett","Lunger","1945-11-14","American","LUN"
240,NA,"Danny","Ongais","1942-05-21","American","ONG"
241,NA,"Lamberto","Leoni","1953-05-24","Italian","LEO"
242,NA,"Divina","Galica","1944-08-13","British","GAL"
243,NA,"Rolf","Stommelen","1943-07-11","German","STO"
244,NA,"Alberto","Colombo","1946-02-23","Italian","COL"
245,NA,"Tony","Trimmer","1943-01-24","British","TRI"
246,NA,"Hans","Binder","1948-06-12","Austrian","BIN"
247,NA,"Michael","Bleekemolen","1949-10-02","Dutch","BLE"
248,NA,"Carlo","Franchi","1938-01-01","Italian","FRA"
249,NA,"Bobby","Rahal","1953-01-10","American","RAH"
250,NA,"Carlos","Pace","1944-10-06","Brazilian","PAC"
251,NA,"Ian","Scheckter","1947-08-22","South African","SCH"
252,NA,"Tom","Pryce","1949-06-11","British","PRY"
253,NA,"Ingo","Hoffmann","1953-02-28","Brazilian","HOF"
254,NA,"Renzo","Zorzi","1946-12-12","Italian","ZOR"
255,NA,"Gunnar","Nilsson","1948-11-20","Swedish","NIL"
256,NA,"Larry","Perkins","1950-03-18","Australian","PER"
257,NA,"Boy","Lunger","1949-05-03","Dutch","LUN"
258,NA,"Patrick","Nève","1949-10-13","Belgian","NÈV"
259,NA,"David","Purley","1945-01-26","British","PUR"
260,NA,"Conny","Andersson","1939-12-28","Swedish","AND"
261,NA,"Bernard","de Dryver","1952-09-19","Belgian","DE "
262,NA,"Jackie","Oliver","1942-08-14","British","OLI"
263,NA,"Mikko","Kozarowitzky","1948-05-17","Finnish","KOZ"
264,NA,"Andy","Sutcliffe","1947-05-09","British","SUT"
265,NA,"Guy","Edwards","1942-12-30","British","EDW"
266,NA,"Brian","McGuire","1945-12-13","Australian","MCG"
267,NA,"Vern","Schuppan","1943-03-19","Australian","SCH"
268,NA,"Hans","Heyer","1943-03-16","German","HEY"
269,NA,"Teddy","Pilette","1942-07-26","Belgian","PIL"
270,NA,"Ian","Ashley","1947-10-26","British","ASH"
271,NA,"Loris","Kessel","1950-04-01","Swiss","KES"
272,NA,"Kunimitsu","Takahashi","1940-01-29","Japanese","TAK"
273,NA,"Kazuyoshi","Hoshino","1947-07-01","Japanese","HOS"
274,NA,"Noritake","Takahara","1951-06-06","Japanese","TAK"
275,NA,"Lella","Lombardi","1941-03-26","Italian","LOM"
276,NA,"Bob","Evans","1947-06-11","British","EVA"
277,NA,"Michel","Leclère","1946-03-18","French","LEC"
278,NA,"Chris","Amon","1943-07-20","New Zealander","AMO"
279,NA,"Emilio","Zapico","1944-05-27","Spanish","ZAP"
280,NA,"Henri","Pescarolo","1942-09-25","French","PES"
281,NA,"Jac","Nelleman","1944-04-19","Danish","NEL"
282,NA,"Damien","Magee","1945-11-17","British","MAG"
283,NA,"Mike","Wilds","1946-01-07","British","WIL"
284,NA,"Alessandro","Pesenti-Rossi","1942-08-31","Italian","PES"
285,NA,"Otto","Stuppacher","1947-03-03","Austrian","STU"
286,NA,"Warwick","Brown","1949-12-24","Australian","BRO"
287,NA,"Masahiro","Hasemi","1945-11-13","Japanese","HAS"
288,NA,"Mark","Donohue","1937-03-18","American","DON"
289,NA,"Graham","Hill","1929-02-15","British","HIL"
290,NA,"Wilson","Fittipaldi","1943-12-25","Brazilian","FIT"
291,NA,"Guy","Tunmer","1948-12-01","South African","TUN"
292,NA,"Eddie","Keizan","1944-09-12","South African","KEI"
293,NA,"Dave","Charlton","1936-10-27","South African","CHA"
294,NA,"Tony","Brise","1952-03-28","British","BRI"
295,NA,"Roelof","Wunderink","1948-12-12","Dutch","WUN"
296,NA,"François","Migault","1944-12-04","French","MIG"
297,NA,"Torsten","Palm","1947-07-23","Swedish","PAL"
298,NA,"Gijs","van Lennep","1942-03-16","Dutch","VAN"
299,NA,"Hiroshi","Fushida","1946-03-10","Japanese","FUS"
300,NA,"John","Nicholson","1941-10-06","New Zealander","NIC"
301,NA,"Dave","Morgan","1944-08-07","British","MOR"
302,NA,"Jim","Crawford","1948-02-13","British","CRA"
303,NA,"Jo","Vonlanthen","1942-05-31","Swiss","VON"
304,NA,"Denny","Hulme","1936-06-18","New Zealander","HUL"
305,NA,"Mike","Hailwood","1940-04-02","British","HAI"
306,NA,"Jean-Pierre","Beltoise","1937-04-26","French","BEL"
307,NA,"Howden","Ganley","1941-12-24","New Zealander","GAN"
308,NA,"Richard","Robarts","1944-09-22","British","ROB"
309,NA,"Peter","Revson","1939-02-27","American","REV"
310,NA,"Paddy","Driver","1934-05-13","South African","DRI"
311,NA,"Tom","Belsø","1942-08-27","Danish","BEL"
312,NA,"Brian","Redman","1937-03-09","British","RED"
313,NA,"Rikky","von Opel","1947-10-14","Liechtensteiner","VON"
314,NA,"Tim","Schenken","1943-09-26","Australian","SCH"
315,NA,"Gérard","Larrousse","1940-05-23","French","LAR"
316,NA,"Leo","Kinnunen","1943-08-05","Finnish","KIN"
317,NA,"Reine","Wisell","1941-09-30","Swedish","WIS"
318,NA,"Bertil","Roos","1943-10-12","Swedish","ROO"
319,NA,"José","Dolhem","1944-04-26","French","DOL"
320,NA,"Peter","Gethin","1940-02-21","British","GET"
321,NA,"Derek","Bell","1941-10-31","British","BEL"
322,NA,"David","Hobbs","1939-06-09","British","HOB"
323,NA,"Dieter","Quester","1939-05-30","Austrian","QUE"
324,NA,"Helmuth","Koinigg","1948-11-03","Austrian","KOI"
325,NA,"Carlo","Facetti","1935-06-26","Italian","FAC"
326,NA,"Eppie","Wietzes","1938-05-28","Canadian","WIE"
327,NA,"François","Cevert","1944-02-25","French","CEV"
328,NA,"Jackie","Stewart","1939-06-11","British","STE"
329,NA,"Mike","Beuttler","1940-04-13","British","BEU"
330,NA,"Nanni","Galli","1940-10-02","Italian","GAL"
331,NA,"Luiz","Bueno","1937-01-16","Brazilian","BUE"
332,NA,"George","Follmer","1934-01-27","American","FOL"
333,NA,"Andrea","de Adamich","1941-10-03","Italian","DE "
334,NA,"Jackie","Pretorius","1934-11-22","South African","PRE"
335,NA,"Roger","Williamson","1948-02-02","British","WIL"
336,NA,"Graham","McRae","1940-03-05","New Zealander","MCR"
337,NA,"Helmut","Marko","1943-04-27","Austrian","MAR"
338,NA,"David","Walker","1941-06-10","Australian","WAL"
339,NA,"Alex","Soler-Roig","1932-10-29","Spanish","SOL"
340,NA,"John","Love","1924-12-07","Rhodesian","LOV"
341,NA,"John","Surtees","1934-02-11","British","SUR"
342,NA,"Skip","Barber","1936-11-16","American","BAR"
343,NA,"Bill","Brack","1935-12-26","Canadian","BRA"
344,NA,"Sam","Posey","1944-05-26","American","POS"
345,NA,"Pedro","Rodríguez","1940-01-18","Mexican","ROD"
346,NA,"Jo","Siffert","1936-07-07","Swiss","SIF"
347,NA,"Jo","Bonnier","1930-01-31","Swedish","BON"
348,NA,"François","Mazet","1943-02-24","French","MAZ"
349,NA,"Max","Jean","1943-07-27","French","JEA"
350,NA,"Vic","Elford","1935-06-10","British","ELF"
351,NA,"Silvio","Moser","1941-04-24","Swiss","MOS"
352,NA,"George","Eaton","1945-11-12","Canadian","EAT"
353,NA,"Pete","Lovely","1926-04-11","American","LOV"
354,NA,"Chris","Craft","1939-11-17","British","CRA"
355,NA,"John","Cannon","1933-06-21","Canadian","CAN"
356,NA,"Jack","Brabham","1926-04-02","Australian","BRA"
357,NA,"John","Miles","1943-06-14","British","MIL"
358,NA,"Jochen","Rindt","1942-04-18","Austrian","RIN"
359,NA,"Johnny","Servoz-Gavin","1942-01-18","French","SER"
360,NA,"Bruce","McLaren","1937-08-30","New Zealander","MCL"
361,NA,"Piers","Courage","1942-05-27","British","COU"
362,NA,"Peter","de Klerk","1935-03-16","South African","DE "
363,NA,"Ignazio","Giunti","1941-08-30","Italian","GIU"
364,NA,"Dan","Gurney","1931-04-13","American","GUR"
365,NA,"Hubert","Hahne","1935-03-28","German","HAH"
366,NA,"Gus","Hutchison","1937-04-26","American","HUT"
367,NA,"Peter","Westbury","1938-05-26","British","WES"
368,NA,"Sam","Tingle","1921-08-24","Rhodesian","TIN"
369,NA,"Basil","van Rooyen","1939-04-19","South African","VAN"
370,NA,"Richard","Attwood","1940-04-04","British","ATT"
371,NA,"Al","Pease","1921-10-15","Canadian","PEA"
372,NA,"John","Cordts","1935-07-23","Canadian","COR"
373,NA,"Jim","Clark","1936-03-04","British","CLA"
374,NA,"Mike","Spence","1936-12-30","British","SPE"
375,NA,"Ludovico","Scarfiotti","1933-10-18","Italian","SCA"
376,NA,"Lucien","Bianchi","1934-11-10","Belgian","BIA"
377,NA,"Jo","Schlesser","1928-05-18","French","SCH"
378,NA,"Robin","Widdows","1942-05-27","British","WID"
379,NA,"Kurt","Ahrens","1940-04-19","German","AHR"
380,NA,"Frank","Gardner","1930-10-01","Australian","GAR"
381,NA,"Bobby","Unser","1934-02-20","American","UNS"
382,NA,"Moisés","Solana","1935-12-26","Mexican","SOL"
383,NA,"Bob","Anderson","1931-05-19","British","AND"
384,NA,"Luki","Botha","1930-01-16","South African","BOT"
385,NA,"Lorenzo","Bandini","1935-12-21","Italian","BAN"
386,NA,"Richie","Ginther","1930-08-05","American","GIN"
387,NA,"Mike","Parkes","1931-09-24","British","PAR"
388,NA,"Chris","Irwin","1942-06-27","British","IRW"
389,NA,"Guy","Ligier","1930-07-12","French","LIG"
390,NA,"Alan","Rees","1938-01-12","British","REE"
391,NA,"Brian","Hart","1936-09-07","British","HAR"
392,NA,"Mike","Fisher","1943-03-13","American","FIS"
393,NA,"Tom","Jones","1943-04-26","American","JON"
394,NA,"Giancarlo","Baghetti","1934-12-25","Italian","BAG"
395,NA,"Jonathan","Williams","1942-10-26","British","WIL"
396,NA,"Bob","Bondurant","1933-04-27","American","BON"
397,NA,"Peter","Arundell","1933-11-08","British","ARU"
398,NA,"Vic","Wilson","1931-04-14","British","WIL"
399,NA,"John","Taylor","1933-03-23","British","TAY"
400,NA,"Chris","Lawrence","1933-07-27","British","LAW"
401,NA,"Trevor","Taylor","1936-12-26","British","TAY"
402,NA,"Giacomo","Russo","1937-10-23","Italian","RUS"
403,NA,"Phil","Hill","1927-04-20","American","HIL"
404,NA,"Innes","Ireland","1930-06-12","British","IRE"
405,NA,"Ronnie","Bucknum","1936-04-05","American","BUC"
406,NA,"Paul","Hawkins","1937-10-12","Australian","HAW"
407,NA,"David","Prophet","1937-10-09","British","PRO"
408,NA,"Tony","Maggs","1937-02-09","South African","MAG"
409,NA,"Trevor","Blokdyk","1935-11-30","South African","BLO"
410,NA,"Neville","Lederle","1938-09-25","South African","LED"
411,NA,"Doug","Serrurier","1920-12-09","South African","SER"
412,NA,"Brausch","Niemann","1939-01-07","South African","NIE"
413,NA,"Ernie","Pieterse","1938-07-04","South African","PIE"
414,NA,"Clive","Puzey","1941-07-11","Rhodesian","PUZ"
415,NA,"Ray","Reed","1932-04-30","South African","REE"
416,NA,"David","Clapham","1931-05-18","South African","CLA"
417,NA,"Alex","Blignaut","1932-11-30","South African","BLI"
418,NA,"Masten","Gregory","1932-02-29","American","GRE"
419,NA,"John","Rhodes","1927-08-18","British","RHO"
420,NA,"Ian","Raby","1921-09-22","British","RAB"
421,NA,"Alan","Rollinson","1943-05-15","British","ROL"
422,NA,"Brian","Gubby","1934-04-17","British","GUB"
423,NA,"Gerhard","Mitter","1935-08-30","German","MIT"
424,NA,"Roberto","Bussinello","1927-10-04","Italian","BUS"
425,NA,"Nino","Vaccarella","1933-03-04","Italian","VAC"
426,NA,"Giorgio","Bassi","1934-01-20","Italian","BAS"
427,NA,"Maurice","Trintignant","1917-10-30","French","TRI"
428,NA,"Bernard","Collomb","1930-10-07","French","COL"
429,NA,"André","Pilette","1918-10-06","Belgian","PIL"
430,NA,"Carel Godin","de Beaufort","1934-04-10","Dutch","DE "
431,NA,"Edgar","Barth","1917-01-26","German","BAR"
432,NA,"Mário de Araújo","Cabral","1934-01-15","Portuguese","CAB"
433,NA,"Walt","Hansgen","1919-10-28","American","HAN"
434,NA,"Hap","Sharp","1928-01-01","American","SHA"
435,NA,"Willy","Mairesse","1928-10-01","Belgian","MAI"
436,NA,"John","Campbell-Jones","1930-01-21","British","CAM"
437,NA,"Ian","Burgess","1930-07-06","British","BUR"
438,NA,"Tony","Settember","1926-07-10","American","SET"
439,NA,"Nasif","Estéfano","1932-11-18","Argentine","EST"
440,NA,"Jim","Hall","1935-07-23","American","HAL"
441,NA,"Tim","Parnell","1932-06-25","British","PAR"
442,NA,"Kurt","Kuhnke","1910-04-30","German","KUH"
443,NA,"Ernesto","Brambilla","1934-01-31","Italian","BRA"
444,NA,"Roberto","Lippi","1926-10-17","Italian","LIP"
445,NA,"Günther","Seiffert","1937-10-18","German","SEI"
446,NA,"Carlo","Abate","1932-07-10","Italian","ABA"
447,NA,"Gaetano","Starrabba","1932-12-03","Italian","STA"
448,NA,"Peter","Broeker","1926-05-15","Canadian","BRO"
449,NA,"Rodger","Ward","1921-01-10","American","WAR"
450,NA,"Ernie","de Vos","1941-07-01","Dutch","DE "
451,NA,"Frank","Dochnal","1920-10-08","American","DOC"
452,NA,"Thomas","Monarch","1945-09-03","American","MON"
842,"10","Pierre","Gasly","1996-02-07","French","GAS"
453,NA,"Jackie","Lewis","1936-11-01","British","LEW"
454,NA,"Ricardo","Rodríguez","1942-02-14","Mexican","ROD"
455,NA,"Wolfgang","Seidel","1926-07-04","German","SEI"
456,NA,"Roy","Salvadori","1922-05-12","British","SAL"
457,NA,"Ben","Pon","1936-12-09","Dutch","PON"
458,NA,"Rob","Slotemaker","1929-06-13","Dutch","SLO"
459,NA,"Tony","Marsh","1931-07-20","British","MAR"
460,NA,"Gerry","Ashmore","1936-07-25","British","ASH"
461,NA,"Heinz","Schiller","1930-01-25","Swiss","SCH"
462,NA,"Colin","Davis","1933-07-29","British","DAV"
463,NA,"Jay","Chamberlain","1925-12-29","American","CHA"
464,NA,"Tony","Shelly","1937-02-02","New Zealander","SHE"
465,NA,"Keith","Greene","1938-01-05","British","GRE"
466,NA,"Heini","Walter","1927-07-28","Swiss","WAL"
467,NA,"Ernesto","Prinoth","1923-04-15","Italian","PRI"
468,NA,"Roger","Penske","1937-02-20","American","PEN"
469,NA,"Rob","Schroeder","1926-05-11","British","SCH"
470,NA,"Timmy","Mayer","1938-02-22","American","MAY"
471,NA,"Bruce","Johnstone","1937-01-30","South African","JOH"
472,NA,"Mike","Harris","1939-05-25","South African","HAR"
473,NA,"Gary","Hocking","1937-09-30","Rhodesian","HOC"
474,NA,"Syd","van der Vyver","1920-06-01","South African","VAN"
475,NA,"Stirling","Moss","1929-09-17","British","MOS"
476,NA,"Wolfgang","von Trips","1928-05-04","German","VON"
477,NA,"Cliff","Allison","1932-02-08","British","ALL"
478,NA,"Hans","Herrmann","1928-02-23","German","HER"
479,NA,"Tony","Brooks","1932-02-25","British","BRO"
480,NA,"Michael","May","1934-08-18","Swiss","MAY"
481,NA,"Henry","Taylor","1932-12-16","British","TAY"
482,NA,"Olivier","Gendebien","1924-01-12","Belgian","GEN"
483,NA,"Giorgio","Scarlatti","1921-10-02","Italian","SCA"
484,NA,"Brian","Naylor","1923-03-24","British","NAY"
485,NA,"Juan Manuel","Bordeu","1934-01-28","Argentine","BOR"
486,NA,"Jack","Fairman","1913-03-15","British","FAI"
487,NA,"Massimo","Natili","1935-07-28","Italian","NAT"
488,NA,"Peter","Monteverdi","1934-06-07","Swiss","MON"
489,NA,"Renato","Pirocchi","1933-03-26","Italian","PIR"
490,NA,"Geoff","Duke","1923-03-29","British","DUK"
491,NA,"Alfonso","Thiele","1920-04-05","American-Italian","THI"
492,NA,"Menato","Boffa","1930-01-04","Italian","BOF"
493,NA,"Peter","Ryan","1940-06-10","Canadian","RYA"
494,NA,"Lloyd","Ruby","1928-01-12","American","RUB"
495,NA,"Ken","Miles","1918-11-01","British","MIL"
496,NA,"Carlos","Menditeguy","1914-08-10","Argentine","MEN"
497,NA,"Alberto Rodriguez","Larreta","1934-01-14","Argentine","LAR"
498,NA,"José Froilán","González","1922-10-05","Argentine","GON"
499,NA,"Roberto","Bonomi","1919-09-30","Argentine","BON"
500,NA,"Gino","Munaron","1928-04-02","Italian","MUN"
501,NA,"Harry","Schell","1921-06-29","American","SCH"
502,NA,"Alan","Stacey","1933-08-29","British","STA"
503,NA,"Ettore","Chimeri","1921-06-04","Venezuelan","CHI"
504,NA,"Antonio","Creus","1924-10-28","Spanish","CRE"
505,NA,"Chris","Bristow","1937-12-02","British","BRI"
506,NA,"Bruce","Halford","1931-05-18","British","HAL"
507,NA,"Chuck","Daigh","1923-11-29","American","DAI"
508,NA,"Lance","Reventlow","1936-02-24","American","REV"
509,NA,"Jim","Rathmann","1928-07-16","American","RAT"
510,NA,"Paul","Goldsmith","1925-10-02","American","GOL"
511,NA,"Don","Branson","1920-06-02","American","BRA"
512,NA,"Johnny","Thomson","1922-04-09","American","THO"
513,NA,"Eddie","Johnson","1919-02-10","American","JOH"
514,NA,"Bob","Veith","1926-11-01","American","VEI"
515,NA,"Bud","Tingelstad","1928-04-04","American","TIN"
516,NA,"Bob","Christie","1924-04-04","American","CHR"
517,NA,"Red","Amick","1929-01-19","American","AMI"
518,NA,"Duane","Carter","1913-05-05","American","CAR"
519,NA,"Bill","Homeier","1918-08-31","American","HOM"
520,NA,"Gene","Hartley","1926-01-28","American","HAR"
521,NA,"Chuck","Stevenson","1919-10-15","American","STE"
522,NA,"Bobby","Grim","1924-09-04","American","GRI"
523,NA,"Shorty","Templeman","1919-08-12","American","TEM"
524,NA,"Jim","Hurtubise","1932-12-05","American","HUR"
525,NA,"Jimmy","Bryan","1926-01-28","American","BRY"
526,NA,"Troy","Ruttman","1930-03-11","American","RUT"
527,NA,"Eddie","Sachs","1927-05-28","American","SAC"
528,NA,"Don","Freeland","1925-03-25","American","FRE"
529,NA,"Tony","Bettenhausen","1916-09-12","American","BET"
530,NA,"Wayne","Weiler","1934-12-09","American","WEI"
531,NA,"Anthony","Foyt","1935-01-16","American","FOY"
532,NA,"Eddie","Russo","1925-11-19","American","RUS"
533,NA,"Johnny","Boyd","1926-08-19","American","BOY"
534,NA,"Gene","Force","1916-06-15","American","FOR"
535,NA,"Jim","McWithey","1927-07-04","American","MCW"
536,NA,"Len","Sutton","1925-08-09","American","SUT"
537,NA,"Dick","Rathmann","1924-01-06","American","RAT"
538,NA,"Al","Herman","1927-03-15","American","HER"
539,NA,"Dempsey","Wilson","1927-03-11","American","WIL"
540,NA,"Mike","Taylor","1934-04-24","British","TAY"
541,NA,"Ron","Flockhart","1923-06-16","British","FLO"
542,NA,"David","Piper","1930-12-02","British","PIP"
543,NA,"Giulio","Cabianca","1923-02-19","Italian","CAB"
544,NA,"Piero","Drogo","1926-08-08","Italian","DRO"
545,NA,"Fred","Gamble","1932-03-17","American","GAM"
546,NA,"Arthur","Owen","1915-03-23","British","OWE"
547,NA,"Horace","Gould","1918-09-20","British","GOU"
548,NA,"Bob","Drake","1919-12-14","American","DRA"
549,NA,"Ivor","Bueb","1923-06-06","British","BUE"
550,NA,"Alain","de Changy","1922-02-05","Belgian","DE "
551,NA,"Maria","de Filippis","1926-11-11","Italian","DE "
552,NA,"Jean","Lucienbonnet","1923-01-07","French","LUC"
553,NA,"André","Testut","1926-04-13","Monegasque","TES"
554,NA,"Jean","Behra","1921-02-16","French","BEH"
555,NA,"Paul","Russo","1914-04-10","American","RUS"
556,NA,"Jimmy","Daywalt","1924-08-28","American","DAY"
557,NA,"Chuck","Arnold","1926-05-30","American","ARN"
558,NA,"Al","Keller","1920-04-11","American","KEL"
559,NA,"Pat","Flaherty","1926-01-06","American","FLA"
560,NA,"Bill","Cheesbourg","1927-06-12","American","CHE"
561,NA,"Ray","Crawford","1915-10-26","American","CRA"
562,NA,"Jack","Turner","1920-02-12","American","TUR"
563,NA,"Chuck","Weyant","1923-04-03","American","WEY"
564,NA,"Jud","Larson","1923-01-21","American","LAR"
565,NA,"Mike","Magill","1920-02-08","American","MAG"
566,NA,"Carroll","Shelby","1923-01-11","American","SHE"
567,NA,"Fritz","d'Orey","1938-03-25","Brazilian","D'O"
568,NA,"Azdrubal","Fontes","1922-12-26","Uruguayan","FON"
569,NA,"Peter","Ashdown","1934-10-16","British","ASH"
570,NA,"Bill","Moss","1933-09-04","British","MOS"
571,NA,"Dennis","Taylor","1921-06-12","British","TAY"
572,NA,"Harry","Blanchard","1929-06-13","American","BLA"
573,NA,"Alessandro","de Tomaso","1928-07-10","Argentine-Italian","DE "
574,NA,"George","Constantine","1918-02-22","American","CON"
575,NA,"Bob","Said","1932-05-05","American","SAI"
576,NA,"Phil","Cade","1916-06-12","American","CAD"
577,NA,"Luigi","Musso","1924-07-28","Italian","MUS"
578,NA,"Mike","Hawthorn","1929-04-10","British","HAW"
579,NA,"Juan","Fangio","1911-06-24","Argentine","FAN"
580,NA,"Paco","Godia","1921-03-21","Spanish","GOD"
581,NA,"Peter","Collins","1931-11-06","British","COL"
582,NA,"Ken","Kavanagh","1923-12-12","Australian","KAV"
583,NA,"Gerino","Gerini","1928-08-10","Italian","GER"
584,NA,"Bruce","Kessler","1936-03-23","American","KES"
585,NA,"Paul","Emery","1916-11-12","British","EME"
586,NA,"Luigi","Piotti","1913-10-27","Italian","PIO"
587,NA,"Bernie","Ecclestone","1930-10-28","British","ECC"
588,NA,"Luigi","Taramazzo","1932-05-05","Italian","TAR"
589,NA,"Louis","Chiron","1899-08-03","Monegasque","CHI"
590,NA,"Stuart","Lewis-Evans","1930-04-20","British","LEW"
591,NA,"George","Amick","1924-10-24","American","AMI"
592,NA,"Jimmy","Reece","1929-11-17","American","REE"
593,NA,"Johnnie","Parsons","1918-07-04","American","PAR"
594,NA,"Johnnie","Tolan","1917-10-22","American","TOL"
595,NA,"Billy","Garrett","1933-04-24","American","GAR"
596,NA,"Ed","Elisian","1926-12-09","American","ELI"
597,NA,"Pat","O'Connor","1928-10-09","American","O'C"
598,NA,"Jerry","Unser","1932-11-15","American","UNS"
599,NA,"Art","Bisch","1926-11-10","American","BIS"
600,NA,"Christian","Goethals","1928-08-04","Belgian","GOE"
601,NA,"Dick","Gibson","1918-04-16","British","GIB"
602,NA,"Robert","La Caze","1917-02-26","French","LA "
603,NA,"André","Guelfi","1919-05-06","French","GUE"
604,NA,"François","Picard","1921-04-26","French","PIC"
605,NA,"Tom","Bridger","1934-06-24","British","BRI"
606,NA,"Alfonso","de Portago","1928-10-11","Spanish","DE "
607,NA,"Cesare","Perdisa","1932-10-21","Italian","PER"
608,NA,"Eugenio","Castellotti","1930-10-10","Italian","CAS"
609,NA,"André","Simon","1920-01-05","French","SIM"
610,NA,"Les","Leston","1920-12-16","British","LES"
611,NA,"Sam","Hanks","1914-07-13","American","HAN"
612,NA,"Andy","Linden","1922-04-05","American","LIN"
613,NA,"Marshall","Teague","1921-02-22","American","TEA"
614,NA,"Don","Edmunds","1930-09-23","American","EDM"
615,NA,"Fred","Agabashian","1913-08-21","American","AGA"
616,NA,"Elmer","George","1928-07-15","American","GEO"
617,NA,"Mike","MacDowel","1932-09-13","British","MAC"
618,NA,"Herbert","MacKay-Fraser","1927-06-23","American","MAC"
619,NA,"Bob","Gerard","1914-01-19","British","GER"
620,NA,"Umberto","Maglioli","1928-06-05","Italian","MAG"
621,NA,"Paul","England","1929-03-28","Australian","ENG"
622,NA,"Chico","Landi","1907-07-14","Brazilian","LAN"
623,NA,"Alberto","Uria","1924-07-11","Uruguayan","URI"
624,NA,"Hernando","da Silva Ramos","1925-12-07","Brazilian","DA "
625,NA,"Élie","Bayol","1914-02-28","French","BAY"
626,NA,"Robert","Manzon","1917-04-12","French","MAN"
627,NA,"Louis","Rosier","1905-11-05","French","ROS"
628,NA,"Bob","Sweikert","1926-05-20","American","SWE"
629,NA,"Cliff","Griffith","1916-02-06","American","GRI"
630,NA,"Duke","Dinsmore","1913-04-10","American","DIN"
631,NA,"Keith","Andrews","1920-06-15","American","AND"
632,NA,"Paul","Frère","1917-01-30","Belgian","FRÈ"
633,NA,"Luigi","Villoresi","1909-05-16","Italian","VIL"
634,NA,"Piero","Scotti","1909-11-11","Italian","SCO"
635,NA,"Colin","Chapman","1928-05-19","British","CHA"
636,NA,"Desmond","Titterington","1928-05-01","British","TIT"
637,NA,"Archie","Scott Brown","1927-05-13","British","SCO"
638,NA,"Ottorino","Volonterio","1917-12-07","Swiss","VOL"
639,NA,"André","Milhoux","1928-12-09","Belgian","MIL"
640,NA,"Toulo","de Graffenried","1914-05-18","Swiss","DE "
641,NA,"Piero","Taruffi","1906-10-12","Italian","TAR"
642,NA,"Nino","Farina","1906-10-30","Italian","FAR"
643,NA,"Roberto","Mieres","1924-12-03","Argentine","MIE"
644,NA,"Sergio","Mantovani","1929-05-22","Italian","MAN"
645,NA,"Clemar","Bucci","1920-09-04","Argentine","BUC"
646,NA,"Jesús","Iglesias","1922-02-22","Argentine","IGL"
647,NA,"Alberto","Ascari","1918-07-13","Italian","ASC"
648,NA,"Karl","Kling","1910-09-16","German","KLI"
649,NA,"Pablo","Birger","1924-01-07","Argentine","BIR"
650,NA,"Jacques","Pollet","1922-07-02","French","POL"
651,NA,"Lance","Macklin","1919-09-02","British","MAC"
652,NA,"Ted","Whiteaway","1928-11-01","British","WHI"
653,NA,"Jimmy","Davies","1929-08-08","American","DAV"
654,NA,"Walt","Faulkner","1920-02-16","American","FAU"
655,NA,"Cal","Niday","1914-04-29","American","NID"
656,NA,"Art","Cross","1918-01-24","American","CRO"
657,NA,"Bill","Vukovich","1918-12-13","American","VUK"
658,NA,"Jack","McGrath","1919-10-08","American","MCG"
659,NA,"Jerry","Hoyt","1929-01-29","American","HOY"
660,NA,"Johnny","Claes","1916-08-11","Belgian","CLA"
661,NA,"Peter","Walker","1912-10-07","British","WAL"
662,NA,"Mike","Sparken","1930-06-16","French","SPA"
663,NA,"Ken","Wharton","1916-03-21","British","WHA"
664,NA,"Kenneth","McAlpine","1920-09-21","British","MCA"
665,NA,"Leslie","Marr","1922-08-14","British","MAR"
666,NA,"Tony","Rolt","1918-10-16","British","ROL"
667,NA,"John","Fitch","1917-08-04","American","FIT"
668,NA,"Jean","Lucas","1917-04-25","French","LUC"
669,NA,"Prince","Bira","1914-07-15","Thai","BIR"
670,NA,"Onofre","Marimón","1923-12-19","Argentine","MAR"
671,NA,"Roger","Loyer","1907-08-05","French","LOY"
672,NA,"Jorge","Daponte","1923-06-05","Argentine","DAP"
673,NA,"Mike","Nazaruk","1921-10-02","American","NAZ"
674,NA,"Larry","Crockett","1926-10-23","American","CRO"
675,NA,"Manny","Ayulo","1921-10-20","American","AYU"
676,NA,"Frank","Armi","1918-10-12","American","ARM"
677,NA,"Travis","Webb","1910-10-08","American","WEB"
678,NA,"Len","Duncan","1911-07-25","American","DUN"
679,NA,"Ernie","McCoy","1921-02-19","American","MCC"
680,NA,"Jacques","Swaters","1926-10-30","American","SWA"
681,NA,"Georges","Berger","1918-09-14","Belgian","BER"
682,NA,"Don","Beauman","1928-07-26","British","BEA"
683,NA,"Leslie","Thorne","1916-06-23","British","THO"
684,NA,"Bill","Whitehouse","1909-04-01","British","WHI"
685,NA,"John","Riseley-Prichard","1924-01-17","British","RIS"
686,NA,"Reg","Parnell","1911-07-02","British","PAR"
687,NA,"Peter","Whitehead","1914-11-12","British","WHI"
688,NA,"Eric","Brandon","1920-07-18","British","BRA"
689,NA,"Alan","Brown","1919-11-20","British","BRO"
690,NA,"Rodney","Nuckey","1929-06-26","British","NUC"
691,NA,"Hermann","Lang","1909-04-06","German","LAN"
692,NA,"Theo","Helfrich","1913-05-13","German","HEL"
693,NA,"Fred","Wacker","1918-07-10","American","WAC"
694,NA,"Giovanni","de Riu","1925-03-10","Italian","DE "
695,NA,"Oscar","Gálvez","1913-08-17","Argentine","GÁL"
696,NA,"John","Barber","1929-07-22","British","BAR"
697,NA,"Felice","Bonetto","1903-06-09","Italian","BON"
698,NA,"Adolfo","Cruz","1923-06-28","Argentine","CRU"
699,NA,"Duke","Nalon","1913-03-02","American","NAL"
700,NA,"Carl","Scarborough","1914-07-03","American","SCA"
701,NA,"Bill","Holland","1907-12-18","American","HOL"
702,NA,"Bob","Scott","1928-10-04","American","SCO"
703,NA,"Arthur","Legat","1898-11-01","Belgian","LEG"
704,NA,"Yves","Cabantous","1904-10-08","French","CAB"
705,NA,"Tony","Crook","1920-02-16","British","CRO"
706,NA,"Jimmy","Stewart","1931-03-06","British","STE"
707,NA,"Ian","Stewart","1929-07-15","British","STE"
708,NA,"Duncan","Hamilton","1920-04-30","British","HAM"
709,NA,"Ernst","Klodwig","1903-05-23","East German","KLO"
710,NA,"Rudolf","Krause","1907-03-30","East German","KRA"
711,NA,"Oswald","Karch","1917-03-06","German","KAR"
712,NA,"Willi","Heeks","1922-02-13","German","HEE"
713,NA,"Theo","Fitzau","1923-02-10","East German","FIT"
714,NA,"Kurt","Adolff","1921-11-05","German","ADO"
715,NA,"Günther","Bechem","1921-12-21","German","BEC"
716,NA,"Erwin","Bauer","1912-07-17","German","BAU"
717,NA,"Hans","von Stuck","1900-12-27","German","VON"
718,NA,"Ernst","Loof","1907-07-04","German","LOO"
719,NA,"Albert","Scherrer","1908-02-28","Swiss","SCH"
720,NA,"Max","de Terra","1918-10-06","Swiss","DE "
721,NA,"Peter","Hirt","1910-03-30","Swiss","HIR"
722,NA,"Piero","Carini","1921-03-06","Italian","CAR"
723,NA,"Rudi","Fischer","1912-04-19","Swiss","FIS"
724,NA,"Toni","Ulmen","1906-01-25","German","ULM"
725,NA,"George","Abecassis","1913-03-21","British","ABE"
726,NA,"George","Connor","1906-08-16","American","CON"
727,NA,"Jim","Rigsby","1923-06-06","American","RIG"
728,NA,"Joe","James","1925-05-23","American","JAM"
729,NA,"Bill","Schindler","1909-03-06","American","SCH"
730,NA,"George","Fonder","1917-06-22","American","FON"
731,NA,"Henry","Banks","1913-06-14","American","BAN"
732,NA,"Johnny","McDowell","1915-01-29","American","MCD"
733,NA,"Chet","Miller","1902-07-19","American","MIL"
734,NA,"Bobby","Ball","1925-08-26","American","BAL"
735,NA,"Charles","de Tornaco","1927-06-07","Belgian","DE "
736,NA,"Roger","Laurent","1913-02-21","Belgian","LAU"
737,NA,"Robert","O'Brien","1908-04-11","American","O'B"
738,NA,"Tony","Gaze","1920-02-03","Australian","GAZ"
739,NA,"Robin","Montgomerie-Charrington","1915-06-23","British","MON"
740,NA,"Franco","Comotti","1906-07-24","Italian","COM"
741,NA,"Philippe","Étancelin","1896-12-28","French","ÉTA"
742,NA,"Dennis","Poore","1916-08-19","British","POO"
743,NA,"Eric","Thompson","1919-11-04","British","THO"
744,NA,"Ken","Downing","1917-12-05","British","DOW"
745,NA,"Graham","Whitehead","1922-04-15","British","WHI"
746,NA,"Gino","Bianco","1916-07-22","Brazilian","BIA"
747,NA,"David","Murray","1909-12-28","British","MUR"
748,NA,"Eitel","Cantoni","1906-10-04","Uruguayan","CAN"
749,NA,"Bill","Aston","1900-03-29","British","AST"
750,NA,"Adolf","Brudes","1899-10-15","German","BRU"
751,NA,"Fritz","Riess","1922-07-11","German","RIE"
752,NA,"Helmut","Niedermayr","1915-11-29","German","NIE"
753,NA,"Hans","Klenk","1919-10-28","German","KLE"
754,NA,"Marcel","Balsa","1909-01-01","French","BAL"
755,NA,"Rudolf","Schoeller","1902-04-27","Swiss","SCH"
756,NA,"Paul","Pietsch","1911-06-20","German","PIE"
757,NA,"Josef","Peters","1914-09-16","German","PET"
758,NA,"Dries","van der Lof","1919-08-23","Dutch","VAN"
759,NA,"Jan","Flinterman","1919-10-02","Dutch","FLI"
760,NA,"Piero","Dusio","1899-10-13","Italian","DUS"
761,NA,"Alberto","Crespo","1920-01-16","Argentine","CRE"
762,NA,"Franco","Rol","1908-06-05","Italian","ROL"
763,NA,"Consalvo","Sanesi","1911-03-28","Italian","SAN"
764,NA,"Guy","Mairesse","1910-08-10","French","MAI"
765,NA,"Henri","Louveau","1910-01-25","French","LOU"
766,NA,"Lee","Wallard","1910-09-07","American","WAL"
767,NA,"Carl","Forberg","1911-03-04","American","FOR"
768,NA,"Mauri","Rose","1906-05-26","American","ROS"
769,NA,"Bill","Mackey","1927-12-15","American","MAC"
770,NA,"Cecil","Green","1919-09-30","American","GRE"
771,NA,"Walt","Brown","1911-12-30","American","BRO"
772,NA,"Mack","Hellings","1915-09-14","American","HEL"
773,NA,"Pierre","Levegh","1905-12-22","French","LEV"
774,NA,"Eugène","Chaboud","1907-04-12","French","CHA"
775,NA,"Aldo","Gordini","1921-05-20","French","GOR"
776,NA,"Joe","Kelly","1913-03-13","Irish","KEL"
777,NA,"Philip","Fotheringham-Parker","1907-09-22","British","FOT"
778,NA,"Brian","Shawe Taylor","1915-01-28","British","SHA"
779,NA,"John","James","1914-05-10","British","JAM"
780,NA,"Toni","Branca","1916-09-15","Swiss","BRA"
781,NA,"Ken","Richardson","1911-08-21","British","RIC"
782,NA,"Juan","Jover","1903-11-23","Spanish","JOV"
783,NA,"Georges","Grignard","1905-07-25","French","GRI"
784,NA,"David","Hampshire","1917-12-29","British","HAM"
785,NA,"Geoff","Crossley","1921-05-11","British","CRO"
786,NA,"Luigi","Fagioli","1898-06-09","Italian","FAG"
787,NA,"Cuth","Harrison","1906-07-06","British","HAR"
788,NA,"Joe","Fry","1915-10-26","British","FRY"
789,NA,"Eugène","Martin","1915-03-24","French","MAR"
790,NA,"Leslie","Johnson","1912-03-22","British","JOH"
791,NA,"Clemente","Biondetti","1898-08-18","Italian","BIO"
792,NA,"Alfredo","Pián","1912-10-21","Argentine","PIÁ"
793,NA,"Raymond","Sommer","1906-08-31","French","SOM"
794,NA,"Joie","Chitwood","1912-04-14","American","CHI"
795,NA,"Myron","Fohr","1912-06-17","American","FOH"
796,NA,"Walt","Ader","1913-12-15","American","ADE"
797,NA,"Jackie","Holmes","1920-09-04","American","HOL"
798,NA,"Bayliss","Levrett","1914-02-14","American","LEV"
799,NA,"Jimmy","Jackson","1910-07-25","American","JAC"
800,NA,"Nello","Pagani","1911-10-11","Italian","PAG"
801,NA,"Charles","Pozzi","1909-08-27","French","POZ"
802,NA,"Dorino","Serafini","1909-07-22","Italian","SER"
803,NA,"Bill","Cantrell","1908-01-31","American","CAN"
804,NA,"Johnny","Mantz","1918-09-18","American","MAN"
805,NA,"Danny","Kladis","1917-02-10","American","KLA"
806,NA,"Óscar","González","1923-11-10","Uruguayan","GON"
807,"27","Nico","Hülkenberg","1987-08-19","German","HÜL"
808,NA,"Vitaly","Petrov","1984-09-08","Russian","PET"
810,NA,"Lucas","di Grassi","1984-08-11","Brazilian","DI "
811,NA,"Bruno","Senna","1983-10-15","Brazilian","SEN"
812,NA,"Karun","Chandhok","1984-01-19","Indian","CHA"
813,"13","Pastor","Maldonado","1985-03-09","Venezuelan","MAL"
814,NA,"Paul","di Resta","1986-04-16","British","DI "
815,"11","Sergio","Pérez","1990-01-26","Mexican","PÉR"
816,NA,"Jérôme","d'Ambrosio","1985-12-27","Belgian","D'A"
817,"3","Daniel","Ricciardo","1989-07-01","Australian","RIC"
818,"25","Jean-Éric","Vergne","1990-04-25","French","VER"
819,NA,"Charles","Pic","1990-02-15","French","PIC"
820,"4","Max","Chilton","1991-04-21","British","CHI"
821,"21","Esteban","Gutiérrez","1991-08-05","Mexican","GUT"
822,"77","Valtteri","Bottas","1989-08-28","Finnish","BOT"
823,NA,"Giedo","van der Garde","1985-04-25","Dutch","VAN"
824,"17","Jules","Bianchi","1989-08-03","French","BIA"
825,"20","Kevin","Magnussen","1992-10-05","Danish","MAG"
826,"26","Daniil","Kvyat","1994-04-26","Russian","KVY"
827,"45","André","Lotterer","1981-11-19","German","LOT"
828,"9","Marcus","Ericsson","1990-09-02","Swedish","ERI"
829,"28","Will","Stevens","1991-06-28","British","STE"
830,"33","Max","Verstappen","1997-09-30","Dutch","VER"
831,"12","Felipe","Nasr","1992-08-21","Brazilian","NAS"
832,"55","Carlos","Sainz","1994-09-01","Spanish","SAI"
833,"98","Roberto","Merhi","1991-03-22","Spanish","MER"
834,"53","Alexander","Rossi","1991-09-25","American","ROS"
835,"30","Jolyon","Palmer","1991-01-20","British","PAL"
836,"94","Pascal","Wehrlein","1994-10-18","German","WEH"
837,"88","Rio","Haryanto","1993-01-22","Indonesian","HAR"
838,"2","Stoffel","Vandoorne","1992-03-26","Belgian","VAN"
839,"31","Esteban","Ocon","1996-09-17","French","OCO"
840,"18","Lance","Stroll","1998-10-29","Canadian","STR"
841,"99","Antonio","Giovinazzi","1993-12-14","Italian","GIO"
843,"28","Brendon","Hartley","1989-11-10","New Zealander","HAR"
844,"16","Charles","Leclerc","1997-10-16","Monegasque","LEC"
845,"35","Sergey","Sirotkin","1995-08-27","Russian","SIR"
846,"4","Lando","Norris","1999-11-13","British","NOR"
847,"63","George","Russell","1998-02-15","British","RUS"
848,"23","Alexander","Albon","1996-03-23","Thai","ALB"
849,"6","Nicholas","Latifi","1995-06-29","Canadian","LAT"
850,"51","Pietro","Fittipaldi","1996-06-25","Brazilian","FIT"
851,"89","Jack","Aitken","1995-09-23","British","AIT"
852,"22","Yuki","Tsunoda","2000-05-11","Japanese","TSU"
853,"9","Nikita","Mazepin","1999-03-02","Russian","MAZ"
854,"47","Mick","Schumacher","1999-03-22","German","SCH"
855,"24","Guanyu","Zhou","1999-05-30","Chinese","ZHO"
